<?xml version="1.0" encoding="UTF-8"?>
<project-private xmlns="http://www.netbeans.org/ns/project-private/1">
    <editor-bookmarks xmlns="http://www.netbeans.org/ns/editor-bookmarks/2" lastBookmarkId="0"/>
    <open-files xmlns="http://www.netbeans.org/ns/projectui-open-files/2">
        <group>
            <file>file:/C:/Users/Thiago/Desktop/IFMG/Programação%20III/TPExtrato/Extrato/src/extrato/main.java</file>
            <file>file:/C:/Users/Thiago/Desktop/IFMG/Programação%20III/TPExtrato/Extrato/src/extrato/Conta.java</file>
            <file>file:/C:/Users/Thiago/Desktop/IFMG/Programação%20III/TPExtrato/Extrato/src/extrato/ListaEncadeada.java</file>
            <file>file:/C:/Users/Thiago/Desktop/IFMG/Programação%20III/TPExtrato/Extrato/src/extrato/Extrato.java</file>
            <file>file:/C:/Users/Thiago/Desktop/IFMG/Programação%20III/TPExtrato/Extrato/src/extrato/HelperClass.java</file>
        </group>
    </open-files>
</project-private>
